claranet01.ring.nlnog.net,195.157.9.4,2001:a88:0:ff00::4
amazon02.ring.nlnog.net,52.210.89.115,2a05:d018:9f2:ed00::1:2
citynetwork02.ring.nlnog.net,185.2.152.103,2001:67c:174c:1::103
sedmiodjel01.ring.nlnog.net,185.98.14.190,2a04:a7c0:a001:dc01::b962:ebe
viatel04.ring.nlnog.net,185.54.142.34,2a02:220:80:0:20c:29ff:febe:fe6d
plusline01.ring.nlnog.net,213.83.46.196,2a02:2e0:414:101::196
elastx01.ring.nlnog.net,217.61.244.211,2a07:2180::217:61:244:211
plutex01.ring.nlnog.net,91.202.41.253,2a02:16d0:0:2::2
transip01.ring.nlnog.net,149.210.130.136,2a01:7c8:aab1:3f8::1
rootnl01.ring.nlnog.net,217.119.224.247,2a02:1398:800::247
digitalocean01.ring.nlnog.net,139.59.170.31,2a03:b0c0:1:a1::1838:e001
kracon01.ring.nlnog.net,185.38.24.57,2a00:fbe0:12::57
web2objects02.ring.nlnog.net,167.160.44.65,2602:ffd9:411:6::2
maxitel01.ring.nlnog.net,185.29.203.222,2a04:4341:1:1::2
amazon11.ring.nlnog.net,52.79.39.89,2406:da12:fc3:5300::11
ntt01.ring.nlnog.net,165.254.21.124,2001:418:1456:b0a::2
unithost01.ring.nlnog.net,89.31.56.43,2a05:52a0:65::20
nero01.ring.nlnog.net,207.98.65.50,2605:bc80:0:2::50
hostvirtual01.ring.nlnog.net,103.6.87.36,2403:2500:4000::d77
nautile01.ring.nlnog.net,115.126.160.143,2404:e400:998:0:216:3eff:fe7e:a08f
kviknet01.ring.nlnog.net,185.107.12.72,2a06:4000:0:5::8
iij01.ring.nlnog.net,202.32.157.84,2001:240:10c:5:0:69:696a:3031
netgroup01.ring.nlnog.net,77.66.16.178,2001:1448:0:a602:250:56ff:feb2:41ff
tdc01.ring.nlnog.net,193.162.154.27,2001:6c8:2:800::27
merit01.ring.nlnog.net,192.122.200.171,2001:48a8:7fff:13::3
signet01.ring.nlnog.net,81.21.136.3,2001:4cb8:1:ff03::2
automattic01.ring.nlnog.net,45.121.183.100,2403:6b80:ffff::2d79:b764
mironet01.ring.nlnog.net,109.71.96.106,2a00:17e0:4000:7e2::6d47:606a
choopa01.ring.nlnog.net,45.63.14.202,2001:19f0:300:62a8:5400:ff:fe09:a1cd
xs4all01.ring.nlnog.net,82.94.249.162,2001:888:2000:3e::1337
infomaniak01.ring.nlnog.net,83.166.136.173,2001:1600:4:8:f816:3eff:fe6d:bc56
masterinternet01.ring.nlnog.net,85.118.134.2,2a01:430:100:2::2
afilias03.ring.nlnog.net,199.19.52.229,2001:500:a:500::229
nexiu01.ring.nlnog.net,87.253.248.13,2a01:7f8:0:10f::13
sixdegrees01.ring.nlnog.net,78.41.154.18,2a02:298:81:1337::b33f
datagrouptransit01.ring.nlnog.net,77.88.255.201,2a01:758:fff4:1::c9
netrouting01.ring.nlnog.net,37.46.195.238,2a00:dd0:0:53::2
communityrack01.ring.nlnog.net,185.95.216.100,2a05:fc80:2:21::100
elastx03.ring.nlnog.net,212.237.146.133,2a07:2180:0:6:212:237:146:133
ehsab02.ring.nlnog.net,178.236.73.122,2a02:1610:1000:2::2
cyberfusion01.ring.nlnog.net,185.233.175.245,2a0c:eb00:0:f7:185:233:175:245
claranet04.ring.nlnog.net,195.22.19.34,2001:4cc0:cafe:babe::2
sargasso01.ring.nlnog.net,78.158.81.4,2a05:e200:1:69::1
quxlabs01.ring.nlnog.net,193.182.61.51,2a0a:3507:1:3001::3e04
gigabit01.ring.nlnog.net,185.24.168.23,2a00:7660:100:23::2
globaledc01.ring.nlnog.net,79.143.213.22,2a00:1280:8003:78::10
redpilllinpro01.ring.nlnog.net,87.238.49.250,2a02:c0:200:104::1
underworld01.ring.nlnog.net,91.213.203.91,2001:67c:398::91
rackfish01.ring.nlnog.net,194.169.225.130,2a00:59c0:1:3::130
simplytransit01.ring.nlnog.net,94.76.229.204,2a02:af8:1:4300::4516
digitalocean02.ring.nlnog.net,128.199.216.83,2400:6180:0:d0::35f7:3001
duocast01.ring.nlnog.net,89.188.27.98,2a01:1b0:7999:453::50
westnetz01.ring.nlnog.net,185.142.180.252,2a07:2ec0:2140:0:80:41ff:fe50:1d0a
amatis01.ring.nlnog.net,77.246.27.26,2a00:1990:2727::2726
telus01.ring.nlnog.net,154.11.253.242,2001:56a:2:3::f2
amazon12.ring.nlnog.net,52.66.51.117,2406:da1a:1b5:8d00::12
zitcom01.ring.nlnog.net,94.231.110.110,2a02:2338:ff00::705:1
comvive01.ring.nlnog.net,93.93.68.99,2a00:1d70:1::68:99
unet01.ring.nlnog.net,84.53.65.133,2a02:120:4009::133
ionswitch01.ring.nlnog.net,66.11.126.68,2605:fb80:e000:9d18::1
netsign01.ring.nlnog.net,217.115.1.67,2a00:1328:e000:456::67
ovh01.ring.nlnog.net,37.187.111.58,2001:41d0:a:643a::137
surfnet01.ring.nlnog.net,192.42.123.22,2001:678:230:2123:192:42:123:22
spacenet01.ring.nlnog.net,195.30.193.17,2001:608:1:151::17
nimag01.ring.nlnog.net,62.220.128.73,2001:788:2:143::2
vpsfree01.ring.nlnog.net,83.167.228.93,2a01:430:17:1::ffff:99
ebox02.ring.nlnog.net,67.221.48.38,2606:6d00:0:302::2
myloc01.ring.nlnog.net,89.163.234.146,2001:4ba0:1337:1::2
dragon01.ring.nlnog.net,213.168.176.84,2a02:13b8:7800::2
proserve01.ring.nlnog.net,83.96.195.104,2001:828:100:82:11:104:0:1
sonic01.ring.nlnog.net,70.36.170.6,2001:5a8:201:4::2
vertixo01.ring.nlnog.net,92.63.161.60,2a01:a680:a1:10:1:60::
digitalocean03.ring.nlnog.net,188.166.37.221,2a03:b0c0:2:d0::2084:6001
kantonsschulezug01.ring.nlnog.net,46.234.32.56,2001:4b20:c001::1000
sabay01.ring.nlnog.net,118.67.200.190,2405:aa00:4:298::190
godaddy01.ring.nlnog.net,62.138.161.20,2001:1520:100::4
lgi01.ring.nlnog.net,62.99.159.106,2a02:8384:11:4::106
entanet01.ring.nlnog.net,78.33.35.246,2001:4d48:face:e::2
ntt03.ring.nlnog.net,61.200.92.132,2001:218:200f:3::2
amazon13.ring.nlnog.net,35.182.42.245,2600:1f11:2d1:6d00::13
tilaa01.ring.nlnog.net,46.19.36.12,2a02:2770::21a:4aff:feac:4576
syseleven01.ring.nlnog.net,37.49.155.108,2a00:7fc0:4000:13::9
edsitech01.ring.nlnog.net,185.50.191.247,2a04:c000:ed51:919:247::1
heanet01.ring.nlnog.net,193.1.33.23,2001:770:1c:7::c101:2117
man-da01.ring.nlnog.net,82.195.72.4,2001:41b8:200:0:ace3:9ff:fe10:e812
cvo01.ring.nlnog.net,185.167.204.195,2a0b:b600:210:1::
vocus01.ring.nlnog.net,175.45.73.66,2402:7800:0:2::1ce
firstcolo01.ring.nlnog.net,212.224.84.34,2a01:7e0:fc:1:212:224:84:34
ripe01.ring.nlnog.net,193.0.0.180,2001:67c:2e8:3::c100:b4
equinixbr01.ring.nlnog.net,187.0.196.139,2804:50:1:f::139
cloudnl01.ring.nlnog.net,185.23.24.149,2a00:6960:1:1:0:24:149:1
noris01.ring.nlnog.net,213.95.10.76,2001:780:100:115::10
atlanticmetro01.ring.nlnog.net,108.60.128.14,2001:1980:fc:3::2
linode06.ring.nlnog.net,50.116.41.174,2600:3c02::f03c:91ff:febb:8065
isarnet01.ring.nlnog.net,192.162.230.35,2001:67c:2274:4021::101
onet01.ring.nlnog.net,141.105.16.129,2a02:c10:3f00:5::2
lchost01.ring.nlnog.net,213.230.217.125,2a01:70:1:217:2::125
coloclue01.ring.nlnog.net,94.142.247.64,2a02:898:0:201::2
protectedca01.ring.nlnog.net,205.173.255.242,2607:4480:2:1:205:173:255:242
vivor01.ring.nlnog.net,193.189.139.240,2a06:340::240
stargate01.ring.nlnog.net,98.143.95.34,2607:4100:0:200::2
metapeer01.ring.nlnog.net,204.15.11.31,2620:11c:5001:1118::1:1
afilias01.ring.nlnog.net,199.10.66.229,2001:500:f1:500::229
iptron01.ring.nlnog.net,188.227.249.82,2a03:5880:101:5::82
liquidtelecom02.ring.nlnog.net,41.191.229.177,2c0f:fe40:9fef:2:41:191:229:177
limestone01.ring.nlnog.net,162.253.42.201,2607:ff68:100:a::16d
kinber01.ring.nlnog.net,162.223.16.247,2001:550:501:3:0:1ce:c01d:bee2
blacknight01.ring.nlnog.net,78.153.194.4,2a01:a8:dc3:40::aaaa
peakten03.ring.nlnog.net,68.71.96.252,2607:f758:d040:0:250:56ff:fe92:544c
rcsrds01.ring.nlnog.net,82.76.255.222,2a02:2f0c:d000:26::2
netrouting02.ring.nlnog.net,199.71.235.230,2606:ed00:4786:36::2
amazon06.ring.nlnog.net,13.56.89.157,2600:1f1c:eeb:8900::6
dreamhack01.ring.nlnog.net,185.69.168.78,2a05:2240:1000:110::78
fidonet01.ring.nlnog.net,80.252.121.11,2a01:2c0:a::1:102
nianet01.ring.nlnog.net,87.116.6.32,2a02:188:2:d6::32
adista01.ring.nlnog.net,62.102.235.194,2a01:728:401:1c::194
nts01.ring.nlnog.net,212.103.89.211,2a00:c38:2::5
multim01.ring.nlnog.net,185.87.111.13,2a05:b9c0::1:0:19
cloudscale01.ring.nlnog.net,5.102.147.137,2a06:c01:1:1104::9389:137
sidn01.ring.nlnog.net,193.176.144.164,2a00:d78:0:fd:193:176:144:164
anexia01.ring.nlnog.net,37.252.235.214,2a00:11c0:d:5:37:252:235:214
leaseweb02.ring.nlnog.net,37.48.73.130,2001:1af8:4700:a103:baaa::2
amsio01.ring.nlnog.net,85.222.193.228,2a02:20b0:165::100
iway01.ring.nlnog.net,212.25.27.3,2001:8e0:40:318:0:abcd:dead:beef
one01.ring.nlnog.net,46.30.209.1,2a02:2350:1:1201::1
upcloud01.ring.nlnog.net,185.26.50.99,2a04:3540:1000:310:a8aa:aaff:fea0:350d
linode05.ring.nlnog.net,45.56.92.54,2600:3c01::f03c:91ff:febb:80b9
digmia01.ring.nlnog.net,91.210.181.185,2a01:5200:100::7269:6b67:3031
mdex01.ring.nlnog.net,185.70.144.117,2a05:2a80:1::200
btireland01.ring.nlnog.net,193.95.190.213,2001:7c8:1000:5::213
xing01.ring.nlnog.net,185.169.112.43,2a01:8780:7473::a
sasag01.ring.nlnog.net,87.245.64.185,2a00:d80::1:184
onlinesas01.ring.nlnog.net,62.210.156.8,2001:bc8:3::3
vmhaus01.ring.nlnog.net,185.214.69.134,2a06:82c2:0:de::1
cyberverse01.ring.nlnog.net,209.151.242.106,2607:f820:104::106
hextet01.ring.nlnog.net,192.160.102.139,2620:132:3003:300::139
bahnhof01.ring.nlnog.net,195.178.185.171,2001:9b0:1:1107::2
quadranet01.ring.nlnog.net,104.223.2.2,2607:fcd0:100:22::2
serverchoice01.ring.nlnog.net,178.18.123.233,2a01:8000::1:2
2connect01.ring.nlnog.net,109.205.75.161,2a00:1238:4:2c:3::2
webair01.ring.nlnog.net,174.137.148.20,2604:9e00:1:10c::5
utelecom01.ring.nlnog.net,176.122.99.75,2001:67c:2d40::4b
mfiles01.ring.nlnog.net,185.255.247.14,2a0c:61c0:ffff:fffd::beef
iabg01.ring.nlnog.net,83.170.60.36,2001:1b10:1006::53aa:3c24
etop01.ring.nlnog.net,80.72.36.210,2a00:c90:0:3::1:2
speakup01.ring.nlnog.net,185.68.163.254,2a03:2c60:0:8000::42
lbl01.ring.nlnog.net,128.3.121.244,2620:83:8000:105::a
vibe01.ring.nlnog.net,14.1.44.230,2401:7000:1:2::2
nebula01.ring.nlnog.net,188.117.58.137,2001:1bc8:200:f::2
nexellent01.ring.nlnog.net,217.147.213.237,2001:4168:babe:2::2
equinixnl01.ring.nlnog.net,217.114.111.202,2001:1540:801:19:20c:29ff:fe8f:8feb
cablecom01.ring.nlnog.net,77.244.137.180,2a01:388:0:f2::10
amazon07.ring.nlnog.net,18.231.44.45,2600:1f1e:d87:9300::7
totaalnet01.ring.nlnog.net,77.95.252.48,2a00:1478:50:0:11:913:0:1
popsc01.ring.nlnog.net,200.237.196.2,2801:80:a88:4017::2
cloudvps01.ring.nlnog.net,178.18.89.144,2a02:348:5d:5990::1
ipbde01.ring.nlnog.net,91.102.8.206,2a02:f28:2:4::2
goscomb01.ring.nlnog.net,46.17.60.106,2a01:348:0:42::10
quanza01.ring.nlnog.net,91.208.87.80,2a04:a500:1337:764:91:208:87:80
custodian01.ring.nlnog.net,109.74.240.242,2a00:1c10:0:1002::242
aquilenet01.ring.nlnog.net,185.233.100.38,2a0c:e300::38
previder01.ring.nlnog.net,84.241.137.18,2001:1690:2:115::18
funet01.ring.nlnog.net,193.166.255.250,2001:708:0:b::2
ipmax01.ring.nlnog.net,46.20.247.200,2a02:2528:404:1::200
mythicbeasts01.ring.nlnog.net,93.93.129.145,2a00:1098:0:80:1000:1d:0:1
claranet06.ring.nlnog.net,92.54.7.29,2a02:a0:1:1::9
dfn01.ring.nlnog.net,194.95.236.10,2001:638:d:c402::10
freifunkrl01.ring.nlnog.net,185.66.195.243,2a03:2260:2000:1::3
digitalocean04.ring.nlnog.net,104.236.41.143,2604:a880:800:10::2f27:c001
nicchile01.ring.nlnog.net,200.1.120.28,2001:1398:3:120:200:1:120:28
globalways01.ring.nlnog.net,94.186.187.3,2a02:c98:ffff:ff00::2
kit01.ring.nlnog.net,129.13.55.214,2a00:1398:200:601::10
dna01.ring.nlnog.net,62.78.96.149,2001:14b8:1000:1::c:100
poppr01.ring.nlnog.net,200.238.130.54,2801:82:0:6::54
mtwentyfourseven01.ring.nlnog.net,194.187.248.66,2001:ac8:21::d0
tetaneutral01.ring.nlnog.net,91.224.149.112,2a03:7220:8081:7000::1
fiberby01.ring.nlnog.net,193.106.164.98,2a03:5440:5:50::2
filoo01.ring.nlnog.net,109.75.188.108,2a00:12c0:1015:100:0:2:0:1
peakten01.ring.nlnog.net,206.196.5.164,2607:f758:a080:0:250:56ff:fe85:3098
pcextreme03.ring.nlnog.net,185.87.187.104,2a00:f10:305:0:4d8:4ff:fe00:4a0
centralnic01.ring.nlnog.net,212.18.250.41,2a04:2b00:212::70:250:41
interhost01.ring.nlnog.net,185.37.148.205,2a03:ff40:4ed1:cc15:185:37:148:205
grifon01.ring.nlnog.net,89.234.186.210,2a00:5884:102:1::2
hostwayde01.ring.nlnog.net,83.246.46.45,2a02:790:4:6::2
amazon14.ring.nlnog.net,35.176.195.43,2a05:d01c:dfb:ff00::14
itsbrasil01.ring.nlnog.net,189.89.131.40,2804:204:500::40
patientsky01.ring.nlnog.net,185.161.127.5,2a07:c3c0:ffff:3002::5
transtelco01.ring.nlnog.net,201.174.85.6,2604:d600:302:7::2
internode01.ring.nlnog.net,203.122.222.147,2001:44b8:60:12::147
rezopole01.ring.nlnog.net,77.95.64.150,2a03:9180:1:20::96
world4you01.ring.nlnog.net,81.19.156.22,2a00:1a68:3:1::5d18:b819
amazon05.ring.nlnog.net,52.10.159.54,2600:1f14:f57:e200::5
kanren01.ring.nlnog.net,164.113.50.50,2001:49d0:1c00:1::50
hurricane01.ring.nlnog.net,64.71.160.154,2001:470:0:292::2
deic01.ring.nlnog.net,130.226.249.126,2001:878:0:e000:82:e2:f9:7e
novoserve01.ring.nlnog.net,89.105.200.58,2001:968:8888:0:89:105:200:58
adix01.ring.nlnog.net,89.200.203.138,2001:67c:6b8:100::138
breedbandnl01.ring.nlnog.net,31.3.8.51,2a03:4f00:20:0:250:56ff:fe01:57
ffam01.ring.nlnog.net,185.206.209.163,2a06:8187:fb11:1::14:1
solido01.ring.nlnog.net,109.238.49.65,2a02:9d0:3023:1::2
cyso01.ring.nlnog.net,93.94.224.87,2a01:518:1:58:2::2
qix01.ring.nlnog.net,206.126.112.10,2620:1f:4000::10
hivane01.ring.nlnog.net,193.17.192.2,2001:67c:1740:9003::c111:c002
vancis01.ring.nlnog.net,85.90.94.148,2001:4d60:10:1200::4
boxed-it01.ring.nlnog.net,195.200.224.123,2001:67c:344:1010:5054:ff:feca:6f60
nforce01.ring.nlnog.net,77.247.183.177,2a00:1768:1000:21:1::1
upcloud03.ring.nlnog.net,83.136.252.93,2a04:3541:1000:500:a8aa:aaff:fea0:6ffe
in2ip01.ring.nlnog.net,217.198.20.135,2a02:7d0:3:208:250:56ff:fe9c:1e
nefos01.ring.nlnog.net,185.150.186.13,2a07:7280:0:186:f816:3eff:fe91:54fd
elisa01.ring.nlnog.net,194.157.148.236,2001:998:12:58::719
rgnet01.ring.nlnog.net,147.28.0.89,2001:418:1::89
nonattached01.ring.nlnog.net,193.160.39.24,2001:67c:26f4:16::24
mtwentyfourseven02.ring.nlnog.net,194.79.31.55,2001:ac8:21:2::e0
obenetwork01.ring.nlnog.net,46.227.66.10,2a03:8600:0:132::2
grenode01.ring.nlnog.net,91.216.110.61,2001:912:800:212::61
ism01.ring.nlnog.net,178.248.168.142,2a02:bd0:2:2::2
carnet01.ring.nlnog.net,193.198.233.217,2001:b68:8ff:ff:a2b::10
comcast01.ring.nlnog.net,67.161.224.4,2001:558:6018::4
suretec01.ring.nlnog.net,185.8.92.17,2a02:d540::b908:5c11
vimexx01.ring.nlnog.net,185.104.28.190,2a06:2ec0:1::fffe
sggs01.ring.nlnog.net,203.175.175.197,2405:4200:100:10::197
combell01.ring.nlnog.net,37.148.176.54,2a00:1c98:10:7::2
jump01.ring.nlnog.net,212.13.217.117,2001:ba8:0:d975::
linode01.ring.nlnog.net,103.3.60.146,2400:8901::f03c:91ff:fe37:a150
amazon09.ring.nlnog.net,35.158.153.153,2a05:d014:85b:7600::9
tigron01.ring.nlnog.net,86.39.65.11,2a00:6ec0:101:1:0:11::
viatel05.ring.nlnog.net,80.93.25.226,2a01:258:8:8:20c:29ff:fe35:df8b
memset01.ring.nlnog.net,37.128.134.97,2a02:24e0:2:ab2f:e020:8b3:cf19:9e11
poprs01.ring.nlnog.net,200.132.1.8,2804::c010:200:132:1:8
plurimedia01.ring.nlnog.net,213.225.160.175,2001:810:0:14::175
vellance01.ring.nlnog.net,217.195.114.152,2a03:5500:1:2:217:195:114:152
hostvirtual02.ring.nlnog.net,103.6.84.107,2403:2500:8000:1::62e
ovh02.ring.nlnog.net,37.187.50.166,2001:41d0:52:400::53b
web2objects01.ring.nlnog.net,167.160.40.65,2602:ffd9:211:6::2
pinse01.ring.nlnog.net,89.189.198.14,2a02:760:1000:f::2
fullsave01.ring.nlnog.net,141.0.202.201,2a01:6600:10c0:808::1
berkeley01.ring.nlnog.net,128.32.158.100,2607:f140:ffff:ff07::a
businessconnect01.ring.nlnog.net,46.183.250.9,2a01:8800:0:250::9
mitsol01.ring.nlnog.net,197.231.144.188,2c0f:ee28:1:1::188
rrbone01.ring.nlnog.net,31.172.10.5,2a01:a700:4836::1:2
suomi01.ring.nlnog.net,217.119.42.194,2a00:1190:0:1003::2
ampath01.ring.nlnog.net,190.103.186.186,2800:bc0:0:10::186
strato01.ring.nlnog.net,81.169.160.77,2a01:238:b:f034::77
csuc01.ring.nlnog.net,84.88.14.229,2001:40b0:1:1122:ce5c:a007:0:2
nordunet01.ring.nlnog.net,109.105.111.80,2001:948:4:6::80
freethought01.ring.nlnog.net,176.74.17.69,2a00:b980:2:4::399:9b5c
gitoyen01.ring.nlnog.net,80.67.163.250,2001:910:0:39::250
digitalocean05.ring.nlnog.net,139.59.43.142,2400:6180:100:d0::cf4:b001
leaseweb01.ring.nlnog.net,85.17.150.181,2001:1af8:4300:a004:8::2
solcon01.ring.nlnog.net,212.45.52.2,2001:9e0:400:53:212:45:52:2
liquidtelecom01.ring.nlnog.net,41.60.207.30,2a01:410:1:4003:41:60:207:30
jaguarnetwork01.ring.nlnog.net,85.31.196.24,2a01:240:101::24
ovh03.ring.nlnog.net,5.196.13.221,2001:41d0:52:600::671
interconnect01.ring.nlnog.net,212.83.212.122,2001:4018:1000:b::2
trueinternet01.ring.nlnog.net,203.144.167.57,2001:fb0:100:ffff:211:25ff:fe40:9468
svwh01.ring.nlnog.net,72.5.72.35,2606:c680:1:17:6c02:c1ff:fea3:d427
tfskok01.ring.nlnog.net,91.212.242.244,2001:67c:24c::b
iucc01.ring.nlnog.net,128.139.197.81,2001:bf8:900:1::808b:c551
kordia01.ring.nlnog.net,124.157.73.94,2404:6c00:1:f::2
fasttrackcomm01.ring.nlnog.net,206.123.203.163,2607:6400:700:2::3163
nynex01.ring.nlnog.net,109.236.159.249,2a00:e60:7000:1::249:1
elvisru01.ring.nlnog.net,194.190.198.13,2a00:1c88:1::13
sapphire01.ring.nlnog.net,195.166.195.252,2a02:638:8:1::4
amazon15.ring.nlnog.net,52.15.184.0,2600:1f16:cfd:6400::15
tripleit01.ring.nlnog.net,93.187.11.10,2a00:1f00:dc06:11::10
leaseweb03.ring.nlnog.net,192.96.206.13,2604:9a00:2100:af05:baaa::1
23media01.ring.nlnog.net,212.83.32.45,2a00:f48:1007::8
clouddk01.ring.nlnog.net,185.134.31.241,2a06:eac0:3000::3
dcenterpl01.ring.nlnog.net,213.5.10.55,2a00:e800:10::55
exanetworks01.ring.nlnog.net,82.219.48.9,2a02:b80:2:7:1::1
compudyne01.ring.nlnog.net,192.208.55.11,2604:1940:0:8004::1000
skyway01.ring.nlnog.net,109.234.105.30,2a00:18e0:0:dc:109:234:105:30
arnfai01.ring.nlnog.net,89.234.141.104,2a00:5881:8110:800::1
dhiraagu01.ring.nlnog.net,103.31.84.12,2406:e400:1:10::10
upcloud06.ring.nlnog.net,94.237.64.45,2a04:3543:1000:2310:a8aa:aaff:fea0:62bc
gossamerthreads01.ring.nlnog.net,208.70.247.50,2607:fcc0:2:1:208:70:247:50
nexthop01.ring.nlnog.net,91.90.104.206,2a02:d140:1:44::2
ovh04.ring.nlnog.net,192.99.153.129,2607:5300:101::599
vshn02.ring.nlnog.net,185.72.236.108,2a05:3d80:8000:208::108
profitbricks01.ring.nlnog.net,46.16.72.7,2a02:2478::666
swisscom01.ring.nlnog.net,193.247.170.254,2001:918:0:64::2
hosting90systems01.ring.nlnog.net,37.46.80.118,2a03:b780:1:4:216:3eff:fe00:a76
viatel02.ring.nlnog.net,46.183.108.2,2a01:8aa0:7f00:0:20c:29ff:fe60:bfac
networkoperations01.ring.nlnog.net,80.73.130.123,2a01:5140:130::123
dataoppdrag01.ring.nlnog.net,95.141.83.106,2a02:f58:5:5::2
nlnetlabs01.ring.nlnog.net,185.49.141.7,2a04:b900:0:100::7
utwente01.ring.nlnog.net,130.89.6.17,2001:67c:2564:a115:250:56ff:fe89:6d65
viatel03.ring.nlnog.net,212.126.61.70,2a01:8aa0:0:ffff:20c:29ff:fe3f:d8e7
belwue01.ring.nlnog.net,129.143.4.179,2001:7c0:701:23::2
icanndns02.ring.nlnog.net,192.0.46.158,2620:0:2830:203::158
inxza03.ring.nlnog.net,196.10.55.133,2001:43f8:1f5:a00::133
exnetworks01.ring.nlnog.net,46.30.8.23,2a01:b000:5:1::a
mtwentyfourseven03.ring.nlnog.net,85.204.124.159,2a04:9dc0:0:22::c0
rise01.ring.nlnog.net,43.226.6.82,2401:da80:1000:2::9
octopuce01.ring.nlnog.net,91.194.60.185,2001:67c:288::185
solnet01.ring.nlnog.net,82.220.3.51,2001:1680:2:100:5054:ff:fef8:73a1
ebox03.ring.nlnog.net,172.93.16.166,2606:6d00:eb0:800::2
comhem01.ring.nlnog.net,193.150.194.129,2a04:ae39:300:100::1
atechmedia01.ring.nlnog.net,185.22.208.142,2a00:67a0:a:2::142
joeynetwork01.ring.nlnog.net,89.46.125.9,2a06:8187:fe01:9::1
elastx02.ring.nlnog.net,217.61.244.212,2a07:2180::217:61:244:212
msu01.ring.nlnog.net,93.180.19.229,2a00:f480:0:104::2
is01.ring.nlnog.net,213.197.240.52,2001:9a0:2000:a::1:1
ausregistry01.ring.nlnog.net,120.29.249.252,2001:dcd:11:3d::4
netnod01.ring.nlnog.net,185.42.136.5,2a01:3f0:0:63::6
sernet01.ring.nlnog.net,185.199.219.126,2a0a:a3c0:0:d2c9::219:126
fusix01.ring.nlnog.net,37.139.139.110,2a00:a7c0:1000:1303::1303
cambrium01.ring.nlnog.net,217.19.17.23,2a02:58:3:110::23:1
connectria01.ring.nlnog.net,199.19.208.6,2607:f148:1000::6
pcextreme05.ring.nlnog.net,185.95.29.75,2a05:1500:0:101:4e8:a4ff:fe00:10b
nicbr01.ring.nlnog.net,200.160.6.171,2001:12ff:0:6172::171
xindi01.ring.nlnog.net,185.173.16.145,2a0b:2f00:0:234::145
redpilllinpro02.ring.nlnog.net,87.238.39.42,2a02:c0:400:108::1
ahdde01.ring.nlnog.net,185.176.16.202,2a00:4c40:2002:5::2
a2binternet01.ring.nlnog.net,178.249.153.39,2a02:1668:a2b:1011::39
viatel01.ring.nlnog.net,80.93.31.245,2a01:258:8:6:20c:29ff:fe95:1965
hostway01.ring.nlnog.net,64.40.105.244,2606:6a00::a:c
nedzone01.ring.nlnog.net,178.18.139.54,2a02:990:222::6932:49e9
franceix01.ring.nlnog.net,37.49.234.137,2a00:a4c0:2:1::137
gandi01.ring.nlnog.net,92.243.16.165,2001:4b98:dc0:43:216:3eff:fe18:c91a
cloudvps03.ring.nlnog.net,83.96.201.177,2a02:348:5e6:1::1dff
direcpath01.ring.nlnog.net,65.50.1.70,2607:f1e8:f0f0:b:528a:1948:db90:ec59
virtualone01.ring.nlnog.net,128.127.31.126,2a01:a000:0:5::10
i3d01.ring.nlnog.net,31.204.129.45,2a00:1630:2:a01::1
rootlu01.ring.nlnog.net,94.242.192.13,2a01:608:f::13
feldsam01.ring.nlnog.net,185.174.170.115,2a0b:a901::b9ff:feae:aa73
kudelski01.ring.nlnog.net,185.35.63.208,2a04:5c85:1000::28
seeweb01.ring.nlnog.net,85.94.202.10,2001:4b78:2100:3::1
cloudvps02.ring.nlnog.net,83.96.201.176,2a02:348:5e6:1::2dbf
claranet05.ring.nlnog.net,62.240.228.4,2001:a70:ff:5::4
mlab01.ring.nlnog.net,185.238.131.254,2001:678:53c:2:185:238:131:254
pcextreme02.ring.nlnog.net,185.66.251.224,2a00:f10:121:a00:46b:e6ff:fe00:1953
amazon04.ring.nlnog.net,13.113.70.195,2406:da14:c3a:4400::4
ntt02.ring.nlnog.net,5.158.213.65,2001:728:0:5000::1533
kpn01.ring.nlnog.net,134.222.92.50,2001:680:0:800f::15e
fundaments01.ring.nlnog.net,185.113.85.7,2a06:6940:1:1::412
depaul01.ring.nlnog.net,140.192.218.142,2620:0:2250:2115:d61f:92e0:1893:b57d
internetport01.ring.nlnog.net,95.143.193.43,2a03:d780:0:193::d666
overthewire01.ring.nlnog.net,119.17.170.245,2402:c00:0:31::4
fnutt01.ring.nlnog.net,193.150.22.68,2001:67c:24e4:64::68
globalconnect01.ring.nlnog.net,212.98.93.10,2a01:7e8:1:800::1b2
kampde01.ring.nlnog.net,82.141.39.25,2a02:248:2:308a:5054:ff:fe80:a9
lwlcom01.ring.nlnog.net,185.55.116.226,2a00:c380:8000:2::2
doruknet01.ring.nlnog.net,212.58.0.250,2a02:480:3411:6::2
inxza02.ring.nlnog.net,196.10.54.133,2001:43f8:1f4:a00::133
xfernet01.ring.nlnog.net,72.34.255.61,2607:f350:1:1000::3
proxsys01.ring.nlnog.net,93.95.0.217,2a03:5d80:103:ff01::aa10
unilogicnetworks01.ring.nlnog.net,62.133.200.1,2001:4128:6135:10:250:56ff:feb6:24
teamix01.ring.nlnog.net,194.150.191.55,2001:67c:14c:12f::55:1
rnp01.ring.nlnog.net,200.133.192.67,2001:12f0:500:1dc::1916:12
es01.ring.nlnog.net,198.129.33.90,2001:400:201:8000::2
melbourne01.ring.nlnog.net,37.128.187.253,2a03:b200:f::24
itafdelingen01.ring.nlnog.net,178.209.160.135,2a05:f700:2:3::2
linxtelecom01.ring.nlnog.net,195.222.12.126,2001:ad0:1400:1000::2
corebackbone01.ring.nlnog.net,82.199.134.114,2a01:4a0:61::2
nine01.ring.nlnog.net,94.230.210.216,2a02:418:5102::1
greenmini01.ring.nlnog.net,185.200.102.77,2a0a:aa42:321:2000::10
cadence01.ring.nlnog.net,185.59.204.164,2a02:6da0:44:253::164
linode03.ring.nlnog.net,45.79.137.222,2600:3c03::f03c:91ff:feb0:de49
itmastaren01.ring.nlnog.net,81.94.161.36,2a00:7800:8000::36
torix01.ring.nlnog.net,206.108.0.43,2001:504:1a:1:abba:15:dead:43
axians01.ring.nlnog.net,217.151.198.151,2a03:c300:ffff:fffe::d
4ddc01.ring.nlnog.net,46.245.255.5,2a00:1c18:0:101::5
bit01.ring.nlnog.net,212.114.113.69,2001:7b8:62b:0:400:d4ff:fe72:7145
connectria02.ring.nlnog.net,199.189.66.254,2607:f148:4000:3::4
ucsc01.ring.nlnog.net,128.114.126.2,2607:f5f0:103:2::2
grnet01.ring.nlnog.net,62.217.125.248,2001:648:2ffc:113:dcdb:eeff:fe35:9c68
peakten02.ring.nlnog.net,64.239.240.36,2607:f758:8080:0:250:56ff:feaf:3c80
icanndns01.ring.nlnog.net,192.0.33.158,2620:0:2d0:203::158
luna01.ring.nlnog.net,217.77.130.230,2001:9c0:1:4::130:230
linode08.ring.nlnog.net,139.162.106.78,2400:8902::f03c:91ff:feac:60af
ovhde01.ring.nlnog.net,51.75.89.207,2001:41d0:701:1000::1328
nessus01.ring.nlnog.net,77.244.245.74,2a02:1b8:10:16::2
mknetzdienste01.ring.nlnog.net,85.220.161.84,2001:1640::55:3
amazon01.ring.nlnog.net,52.22.172.27,2600:1f18:415a:7300::1:1
liteserver01.ring.nlnog.net,185.31.172.236,2a01:6340:1:20:5::10
teleag01.ring.nlnog.net,5.61.190.124,2a01:5240:2::124
jpbe01.ring.nlnog.net,185.120.22.17,2001:67c:16c8:e88c::1
bchnetwork01.ring.nlnog.net,195.234.45.126,2a01:70:ffff:3::2
cesnet01.ring.nlnog.net,78.128.211.50,2001:718:1:1f:50:56ff:feee:50
speedpartner01.ring.nlnog.net,91.184.33.38,2a01:198:0:3::38
arpnetworks01.ring.nlnog.net,174.136.100.234,2607:f2f8:ade8::2
poznan01.ring.nlnog.net,150.254.166.148,2001:808:2:3003::5
tuxis01.ring.nlnog.net,31.3.104.43,2a03:7900:2:0:31:3:104:43
nexril01.ring.nlnog.net,161.129.153.254,2604:fbc0:1:2::1000
glesys01.ring.nlnog.net,109.74.6.228,2a02:750:7::392
leaseweb04.ring.nlnog.net,185.17.144.154,2a00:c98:2200:af0a:baaa::1
ipvisie01.ring.nlnog.net,141.136.120.48,2a01:8580:103:1::108
linode04.ring.nlnog.net,104.200.18.129,2600:3c00::f03c:91ff:febb:803b
xantaro01.ring.nlnog.net,185.16.196.68,2a03:dfc0::b910:c444
yourorg01.ring.nlnog.net,163.237.247.17,2001:4978:1000::2319:17
dcsone01.ring.nlnog.net,203.123.48.14,2405:fc00::a001
atw01.ring.nlnog.net,88.151.99.253,2a01:270:91fd::1
retarus01.ring.nlnog.net,94.199.91.190,2a02:7b01:ffe::190
bytemark01.ring.nlnog.net,5.28.62.9,2001:41c9:1:41c::9
pccw01.ring.nlnog.net,63.223.226.131,2400:8800:4200:0:250:56ff:fe9e:a28d
amazon03.ring.nlnog.net,52.76.214.87,2406:da18:df9:4d00::1:3
dialpad01.ring.nlnog.net,185.91.9.17,2a05:e580:105:1014::2
towardex01.ring.nlnog.net,216.93.240.179,2001:4830:123:1::d85d:f0b3
xing02.ring.nlnog.net,185.169.113.43,2a01:8781:7473::a
kwaoo01.ring.nlnog.net,178.250.209.33,2a03:4980::10:0:15
widenet01.ring.nlnog.net,195.46.37.20,2a00:fb20:1:fffc::14
amazon08.ring.nlnog.net,13.210.46.145,2406:da1c:1c0:fe00::8
infowest01.ring.nlnog.net,209.33.215.106,2604:2c00:0:110::2
go6lab01.ring.nlnog.net,91.239.97.26,2001:67c:27e4:15::26
linode02.ring.nlnog.net,139.162.156.136,2a01:7e01::f03c:91ff:feb0:de12
20c01.ring.nlnog.net,204.130.133.181,2607:fae0:f202:44c::181
itgate01.ring.nlnog.net,213.254.1.30,2001:1418:10:1::1e
ae-dxb-as42473.anchors.atlas.ripe.net,37.252.245.94,2a00:11c0:14:aa3::a
al-tia-as42409.anchors.atlas.ripe.net,194.1.149.210,2001:7f9:4::10
ar-bue-as4270.anchors.atlas.ripe.net,170.210.5.200,2800:110:5::200
at-klu-as42473.anchors.atlas.ripe.net,178.255.156.202,2a00:11c0::1:0:0:3e
at-klu-as61438.anchors.atlas.ripe.net,194.93.76.42,2a04:d200:3::2
at-szg-as39878.anchors.atlas.ripe.net,91.135.161.162,2a03:1a80:babe:17::2
at-szg-as5404.anchors.atlas.ripe.net,217.196.147.89,2a02:16a8:dc:200::1
at-vie-as1120.anchors.atlas.ripe.net,193.171.255.2,2001:628:2000:feed::2
at-vie-as1764.anchors.atlas.ripe.net,92.60.13.86,2a01:190:1703:4::2
at-vie-as1853.anchors.atlas.ripe.net,193.170.114.242,2001:628:2005:1::2
at-vie-as30971.anchors.atlas.ripe.net,83.136.33.8,2a02:850:2:1::8
at-vie-as48943.anchors.atlas.ripe.net,94.136.2.190,2a02:ab8:2:ffff::1
au-bne-as4608-2.anchors.atlas.ripe.net,203.119.0.195,2001:dd8:8:800::195
au-bne-as4608.anchors.atlas.ripe.net,203.133.248.56,2401:2000:6660::56
au-mel-as38796.anchors.atlas.ripe.net,120.29.255.85,2001:dcd:40:3d::5
au-syd-as135150.anchors.atlas.ripe.net,203.217.162.30,2404:6980:43:1::2
au-syd-as9268.anchors.atlas.ripe.net,119.17.170.244,2402:c00:0:31::3
be-anr-as2611.anchors.atlas.ripe.net,143.129.80.132,2001:6a8:500:e006::132
be-lln-as2611.anchors.atlas.ripe.net,130.104.229.249,2001:6a8:308f:3::3
bg-sls-as198228.anchors.atlas.ripe.net,195.250.60.125,2a00:1728:d::1
bg-sof-as31287.anchors.atlas.ripe.net,85.187.20.236,2a01:9e40:1:d::4
bg-sof-as8866-2.anchors.atlas.ripe.net,213.91.165.187,2a01:5a8::1:4
bg-sof-as8866.anchors.atlas.ripe.net,213.91.165.185,2a01:5a8::1:2
br-bhz-as10417.anchors.atlas.ripe.net,200.131.2.74,2001:12f0:600:200::2
br-poa-as19200.anchors.atlas.ripe.net,200.132.1.32,2804:0:0:c010::32
br-sao-as22548.anchors.atlas.ripe.net,200.160.6.19,2001:12ff:0:6000::19
bt-thi-as38740.anchors.atlas.ripe.net,118.103.136.244,2405:ec00:0:2010::244
ca-mtr-as395766.anchors.atlas.ripe.net,98.159.46.220,2607:3380:1200:2::220
ca-tor-as14061.anchors.atlas.ripe.net,159.203.27.37,2604:a880:cad:d0::ae5:b001
ca-tor-as393755.anchors.atlas.ripe.net,192.102.255.220,2607:3380:1100:2::220
ca-van-as395152.anchors.atlas.ripe.net,192.102.254.220,2607:3380:1000:2::220
ca-wnp-as16395.anchors.atlas.ripe.net,198.181.199.30,2620:19:4000:51::2
ca-wnp-as18451.anchors.atlas.ripe.net,208.81.1.60,2605:e200:33::4
ch-gtg-as20612.anchors.atlas.ripe.net,194.242.34.190,2001:67c:20ac::190
ch-lva-as559.anchors.atlas.ripe.net,185.144.39.9,2a07:3e06::9
ch-win-as52177.anchors.atlas.ripe.net,185.183.192.245,2a0b:1d80::f2
ch-zrh-as559.anchors.atlas.ripe.net,130.59.80.2,2001:620:0:8001::823b:5002
ch-zrh-as9092.anchors.atlas.ripe.net,213.156.231.22,2a00:db0:7:a0a::22
cl-scl-as27678.anchors.atlas.ripe.net,200.7.6.40,2001:1398:4::40
co-bog-as27817.anchors.atlas.ripe.net,190.15.1.6,2001:13f8:10e0::3
cz-brq-as197451.anchors.atlas.ripe.net,147.229.242.8,2001:67c:1220:e000::93e5:f208
cz-brq-as24971.anchors.atlas.ripe.net,81.31.34.10,2a01:430:100:13::2
cz-prg-as25192.anchors.atlas.ripe.net,217.31.202.20,2001:1488:ffff::20
cz-prg-as2852.anchors.atlas.ripe.net,195.113.161.50,2001:718:1:a100::161:50
cz-prg-as52130.anchors.atlas.ripe.net,188.92.41.250,2a02:7d00:1:200:624:0:bc5c:29fa
cz-prg-as6881.anchors.atlas.ripe.net,93.190.128.178,2a02:38:15::178
de-57x-as200567.anchors.atlas.ripe.net,185.70.144.116,2a05:2a80:1::100
de-ber-as20647.anchors.atlas.ripe.net,185.27.158.238,2a02:f28:1:7::2
de-ber-as25291.anchors.atlas.ripe.net,37.44.1.36,2a00:7fc0:4000:16::4
de-ber-as62310.anchors.atlas.ripe.net,77.220.248.89,2a02:2878:8000:2:0:1028:0:1
de-ber-as6724.anchors.atlas.ripe.net,81.169.160.78,2a01:238:b:f034::78
de-bwe-as680.anchors.atlas.ripe.net,134.169.3.165,2001:638:602::20:2
de-cal-as39702.anchors.atlas.ripe.net,89.106.219.238,2a01:4d80:216:c1::1
de-dar-as8365.anchors.atlas.ripe.net,82.195.72.11,2001:41b8:200::11
de-drs-as42699.anchors.atlas.ripe.net,77.220.233.1,2a02:2878:0:a::1077:1
de-dtm-as39138.anchors.atlas.ripe.net,31.172.2.253,2a01:a700:4000::97d
de-dus-as12676.anchors.atlas.ripe.net,213.9.97.164,2a02:4c00:0:4014::2
de-dus-as39138.anchors.atlas.ripe.net,31.172.2.249,2a01:a700:4000::979
de-edn-as42184.anchors.atlas.ripe.net,91.190.224.98,2a02:f08:103:beef::100
de-erl-as680.anchors.atlas.ripe.net,192.44.82.20,2001:638:a004:1001:192:44:82:20
de-ett-as202040.anchors.atlas.ripe.net,193.141.27.220,2a04:d140:1::3
de-fad-as49697.anchors.atlas.ripe.net,89.46.125.28,2a06:8187:fe01:18::1
de-ffo-as55002.anchors.atlas.ripe.net,107.162.218.5,2604:e180:de03::5
de-fra-as203329.anchors.atlas.ripe.net,185.138.143.34,2a07:e80:0:10::2
de-fra-as205614.anchors.atlas.ripe.net,185.171.47.137,2a0d:1f80:0:6::fefe
de-fra-as206479.anchors.atlas.ripe.net,185.120.22.29,2001:67c:16c8:b978::1
de-fra-as28753.anchors.atlas.ripe.net,46.165.195.19,2a00:c98:2200:a01c:3::300
de-fra-as34549.anchors.atlas.ripe.net,83.243.44.55,2a00:f820:11::2
de-fra-as39063.anchors.atlas.ripe.net,185.91.44.9,2a05:e740:44::9
de-fra-as48918.anchors.atlas.ripe.net,94.186.163.127,2a02:c98:ffff:ff02::2
de-fra-as49024.anchors.atlas.ripe.net,95.131.120.210,2a02:c48:1200:100::1000
de-fra-as8763.anchors.atlas.ripe.net,81.91.160.92,2a02:568:184:100::10
de-gaa-as56357.anchors.atlas.ripe.net,185.86.232.132,2a00:4700:0:5::4
de-gud-as206549.anchors.atlas.ripe.net,185.181.224.13,2a0a:d480:1:1::200
de-ham-as12731.anchors.atlas.ripe.net,213.128.137.33,2001:868:100:3401::4
de-ham-as201709.anchors.atlas.ripe.net,185.41.104.166,2a01:55e4:10:4::a
de-ham-as35258.anchors.atlas.ripe.net,87.253.184.92,2a00:e400:2:1::a
de-kae-as205390.anchors.atlas.ripe.net,185.220.0.254,2a0b:ecc0::ffff
de-kae-as34878.anchors.atlas.ripe.net,129.13.73.54,2a00:1398:8:2::10
de-kae-as8560.anchors.atlas.ripe.net,212.227.112.66,2001:8d8:0:3::2e
de-kel-as13101.anchors.atlas.ripe.net,213.178.92.102,2a00:12d0:1080:1::2
de-mag-as680.anchors.atlas.ripe.net,141.44.3.252,2001:638:90d:bfff::10
de-mai-as2857.anchors.atlas.ripe.net,217.198.242.227,2001:4c80:0:7f0::5001:1
de-mdt-as15945.anchors.atlas.ripe.net,213.206.174.172,2a02:24d8:7:16::42
de-mhg-as21473.anchors.atlas.ripe.net,93.190.252.148,2a00:1e80:8:14::42
de-muc-as35003.anchors.atlas.ripe.net,194.126.158.162,2001:1578:400:111:1:0:85:1
de-muc-as5539.anchors.atlas.ripe.net,195.30.70.33,2001:608:3:337::1
de-rgm-as24940.anchors.atlas.ripe.net,88.198.173.54,2a01:4f8:de::54
de-str-as553.anchors.atlas.ripe.net,129.143.4.230,2001:7c0:701:1338::b
de-tua-as21413.anchors.atlas.ripe.net,37.247.78.38,2a00:1ca0:0:19::2
dk-aal-as9158.anchors.atlas.ripe.net,77.214.52.102,2001:1580:0:180c::2
dk-aar-as3292.anchors.atlas.ripe.net,193.162.159.148,2001:6c8:2:21d::148
dk-blp-as197495.anchors.atlas.ripe.net,91.221.196.188,2001:67c:3c0:13::188
dk-blp-as39839.anchors.atlas.ripe.net,193.163.102.206,2a01:630:0:80::206
dk-blp-as59469.anchors.atlas.ripe.net,185.27.112.25,2a03:a480:1000:3113::2
dk-blp-as62113.anchors.atlas.ripe.net,185.38.27.194,2a00:fbe0:0:111::2
dk-cph-as59795.anchors.atlas.ripe.net,213.184.86.101,2a09:3a00:3a00::1338
dk-cph-as9158.anchors.atlas.ripe.net,77.214.52.98,2001:1580:0:120c::2
dk-hje-as39642.anchors.atlas.ripe.net,185.156.98.2,2a03:300:981::2
do-ssu-as265721.anchors.atlas.ripe.net,45.65.244.254,2803:4dc0:254::254
ee-jvi-as198068.anchors.atlas.ripe.net,159.253.17.197,2a03:f480:1:2::4f
ee-tll-as51349.anchors.atlas.ripe.net,195.43.87.140,2a00:c3a0:26:3::140
es-leg-as766.anchors.atlas.ripe.net,163.117.253.5,2001:720:410:3035:200:24ff:fed1:5dcc
fi-hel-as3274.anchors.atlas.ripe.net,81.20.224.220,2001:67c:110:5::a
fi-hel-as3292.anchors.atlas.ripe.net,62.237.82.14,2001:6e8:2381:fffe::14
fi-jyv-as30798.anchors.atlas.ripe.net,89.236.107.38,2001:40e8:10:14:89:236:107:38
fi-tmp-as719.anchors.atlas.ripe.net,193.65.45.86,2001:998:13:1b2::2
fo-hyv-as15389.anchors.atlas.ripe.net,193.34.105.132,2a02:e90:200:105::128
fr-bes-as2200.anchors.atlas.ripe.net,193.50.97.164,2001:660:7302:e772::164
fr-bod-as198985.anchors.atlas.ripe.net,185.233.100.99,2a0c:e300::99
fr-ilm-as57119.anchors.atlas.ripe.net,149.62.159.122,2a02:7680:159::122
fr-lio-as41405.anchors.atlas.ripe.net,91.223.159.7,2a06:ac00:4100:107::1
fr-par-as1307.anchors.atlas.ripe.net,132.227.123.3,2001:660:3302:287b::3
fr-par-as20766.anchors.atlas.ripe.net,80.67.163.251,2001:910:0:39::251
fr-par-as2486.anchors.atlas.ripe.net,192.134.1.25,2001:67c:217c:4::2
fr-par-as43930.anchors.atlas.ripe.net,185.194.164.124,2a02:c800:42:42::164:124
fr-par-as5377.anchors.atlas.ripe.net,77.70.145.254,2a02:6600:3:401::3
fr-prm-as513.anchors.atlas.ripe.net,192.65.184.54,2001:1458:0:1e::2
fr-sxb-as8839.anchors.atlas.ripe.net,213.225.160.239,2001:810:0:14::239
fr-tin-as196670.anchors.atlas.ripe.net,195.200.254.62,2a04:9140:3001:1101::a
fr-tls-as15826.anchors.atlas.ripe.net,80.247.237.225,2a00:1a60:9999:e100::1
fr-tls-as39405.anchors.atlas.ripe.net,93.93.40.27,2a01:6600:10:26::1
fr-ysd-as201958.anchors.atlas.ripe.net,185.42.190.150,2a04:9140:3003:1101::a
fr-ysd-as8426.anchors.atlas.ripe.net,89.185.60.126,2001:a70:101:316:1::1
gr-ath-as5408.anchors.atlas.ripe.net,83.212.7.42,2001:648:1::2
hk-hkg-as133752.anchors.atlas.ripe.net,43.249.36.50,2001:df1:801:a002:3::300
hr-zag-as2108.anchors.atlas.ripe.net,161.53.251.28,2001:b68:d::28
hu-bud-as12303.anchors.atlas.ripe.net,5.28.0.17,2a00:e6a0:1::1
id-jkt-as10208.anchors.atlas.ripe.net,202.153.128.82,2406:9600::128:82
ie-caw-as39122.anchors.atlas.ripe.net,185.2.64.76,2a01:a8:201:9::aaaa
ie-dub-as1213.anchors.atlas.ripe.net,193.1.201.140,2001:770:1c:11::c101:c98c
ie-dub-as2128.anchors.atlas.ripe.net,193.242.111.196,2a03:ac0:1:141::4
ie-ork-as2128.anchors.atlas.ripe.net,185.6.39.132,2a03:ac1:1:341::4
in-bom-as33480.anchors.atlas.ripe.net,180.149.244.132,2401:7500:fff0:1::8
is-rey-as1850.anchors.atlas.ripe.net,185.93.159.17,2001:67c:6c:d59::17
is-rey-as25509.anchors.atlas.ripe.net,213.190.96.41,2a00:5380:1337::1
it-men-as50178.anchors.atlas.ripe.net,185.161.192.39,2a07:c700:0:103::a001
it-mil-as16004.anchors.atlas.ripe.net,217.29.76.27,2001:1ac0:0:200:0:a5d1:6004:27
it-mil-as42473.anchors.atlas.ripe.net,188.172.218.22,2a00:11c0:b:aa3::a
it-pav-as203201.anchors.atlas.ripe.net,185.142.152.28,2a07:2e80:0:4::3
it-rom-as24796.anchors.atlas.ripe.net,193.201.40.210,2001:7f8:10:f00c::210
it-rzo-as35574.anchors.atlas.ripe.net,194.187.174.6,2a04:a9c0::15
it-trn-as12779.anchors.atlas.ripe.net,213.212.129.68,2001:1418:10:a::44
jp-tyo-as13901.anchors.atlas.ripe.net,199.19.52.230,2001:500:a:500::230
jp-tyo-as15133.anchors.atlas.ripe.net,152.195.112.52,2606:2800:6024:c::a
jp-tyo-as2497.anchors.atlas.ripe.net,202.214.87.158,2001:240:168:1002::9e
jp-tyo-as59105.anchors.atlas.ripe.net,103.202.216.83,2403:bd80:c000:2:103:202:216:83
ke-nbo-as37578.anchors.atlas.ripe.net,196.6.220.130,2001:43f8:7b0:70::2
kr-sel-as42473.anchors.atlas.ripe.net,37.252.244.78,2a00:11c0:13:aa3::a
kw-kwi-as42961.anchors.atlas.ripe.net,212.43.17.42,2a00:4520:2:2::22
kz-abe-as9198.anchors.atlas.ripe.net,92.47.60.130,2a00:12f8:1100::2
kz-ala-as9198.anchors.atlas.ripe.net,92.46.56.198,2a00:12f8:500::2
kz-ast-as9198.anchors.atlas.ripe.net,88.204.175.78,2a00:12f8:900:1::2
lt-vno-as21412.anchors.atlas.ripe.net,5.20.2.255,2a00:7600:0:eeee::1f
lu-ezt-as2602.anchors.atlas.ripe.net,158.64.14.122,2001:a18:0:409::2
lu-kay-as35733.anchors.atlas.ripe.net,185.36.4.254,2001:67c:9c:3937::254
lv-rix-as24921.anchors.atlas.ripe.net,212.3.202.246,2a03:ec00:b008:3a11::5
lv-rix-as52048.anchors.atlas.ripe.net,46.183.219.225,2a02:4840:2:219::225
mn-uln-as133453.anchors.atlas.ripe.net,103.229.176.3,2001:df4:e800::3
mn-uln-as45204.anchors.atlas.ripe.net,180.149.98.146,2401:d600:0:110::2
mu-ebn-as37708.anchors.atlas.ripe.net,196.192.112.244,2001:43f8:90:608::244
mv-mle-as7642.anchors.atlas.ripe.net,123.176.1.4,2406:e400:1:9::4
mx-mex-as42473.anchors.atlas.ripe.net,131.100.0.158,2803:ad80:0:aa3::a
mx-tte-as22894-2.anchors.atlas.ripe.net,200.94.183.170,2001:1250:ffe0:2::170
mx-tte-as22894.anchors.atlas.ripe.net,200.94.182.170,2001:1250:fff0:2::170
nc-nou-as56055.anchors.atlas.ripe.net,202.22.232.9,2407:4a00::9
ng-los-as37495.anchors.atlas.ripe.net,196.216.208.6,2001:43f8:6c0:1::6
nl-ams-as1101.anchors.atlas.ripe.net,145.220.0.55,2001:67c:6ec:201:145:220:0:55
nl-ams-as12041.anchors.atlas.ripe.net,199.10.66.231,2001:500:f1:500::231
nl-ams-as202196.anchors.atlas.ripe.net,37.10.45.14,2a01:5041:200c::1
nl-ams-as20857.anchors.atlas.ripe.net,80.69.81.132,2a01:7c8:3628::ad1a:5
nl-ams-as286.anchors.atlas.ripe.net,194.122.76.250,2001:680:0:8021:0:face:2:face
nl-ams-as3265.anchors.atlas.ripe.net,194.109.78.2,2001:888:2000:83::2
nl-ams-as3333-2.anchors.atlas.ripe.net,193.0.0.176,2001:67c:2e8:3::c100:b0
nl-ams-as3333-3.anchors.atlas.ripe.net,193.0.0.164,2001:67c:2e8:3::c100:a4
nl-ams-as3333-4.anchors.atlas.ripe.net,193.0.0.165,2001:67c:2e8:3::c100:a5
nl-ams-as3333-preprod.anchors.atlas.ripe.net,193.0.19.109,2001:67c:2e8:11::c100:136d
nl-ams-as35733.anchors.atlas.ripe.net,185.36.6.254,2001:67c:40:3937::254
nl-ams-as43996.anchors.atlas.ripe.net,5.57.17.65,2a01:5040:20:30::1
nl-ape-as203993.anchors.atlas.ripe.net,185.54.92.70,2a00:8642:1000:f000::70
nl-bst-as8211.anchors.atlas.ripe.net,145.72.117.42,2a02:cc4:2f00::1000
nl-bxt-as8211.anchors.atlas.ripe.net,145.72.118.42,2a02:cc4:2f00:1::1000
nl-cpi-as43350.anchors.atlas.ripe.net,37.143.33.15,2a00:1768:2000:2:1::1
nl-dro-as12414.anchors.atlas.ripe.net,87.195.79.82,2001:9e0:417:1::2
nl-dro-as51430.anchors.atlas.ripe.net,37.46.123.222,2a00:7143:98::10
nl-ede-as12859-client.anchors.atlas.ripe.net,212.72.227.132,2a02:968:1:110:212:72:227:132
nl-ede-as12859.anchors.atlas.ripe.net,213.136.12.209,2001:7b8:3:37:213:136:12:209
nl-ens-as1133.anchors.atlas.ripe.net,130.89.144.98,2001:67c:2564:a170:0:24ff:fed1:5dc4
nl-haa-as60781.anchors.atlas.ripe.net,85.17.128.13,2001:1af8:4100:1:3::300
nl-utc-as1103.anchors.atlas.ripe.net,195.169.125.10,2001:610:510:180:195:169:125:10
nl-vdm-as49784.anchors.atlas.ripe.net,46.244.63.73,2a04:3640::6
no-osl-as39029.anchors.atlas.ripe.net,87.238.48.243,2a02:c0:203:0:ffff:0:57ee:30f3
no-osl-as57963.anchors.atlas.ripe.net,77.234.51.79,2a00:c440:1337:6e52::2
nz-akl-as38064.anchors.atlas.ripe.net,202.46.184.4,2001:dce:5100:1::4
nz-akl-as61138.anchors.atlas.ripe.net,185.121.168.251,2a06:1280:ae02::ff2e
nz-hlz-as681.anchors.atlas.ripe.net,192.107.171.140,2001:df0:4:800::171:140
nz-wlg-as9834.anchors.atlas.ripe.net,210.4.208.19,2405:b400:0:11::15
pe-lim-as27843.anchors.atlas.ripe.net,190.12.64.58,2800:120:5:a::2
ph-qzt-as9821.anchors.atlas.ripe.net,202.90.158.105,2001:d18:1:1::105
pk-isb-as7590.anchors.atlas.ripe.net,210.56.11.202,2402:1680:1::5
pl-ktw-as206186.anchors.atlas.ripe.net,188.241.28.37,2001:678:3b0:a001::bcf1:1c25
pt-lis-as199993.anchors.atlas.ripe.net,185.39.208.23,2a04:6d80::23
pt-lis-as62416.anchors.atlas.ripe.net,185.32.189.249,2a00:c560:c0c0:1a1a::249
qa-doh-as8781.anchors.atlas.ripe.net,82.148.114.58,2001:1a10:cd:3::2
ro-buh-as39107.anchors.atlas.ripe.net,195.95.178.138,2a00:ff0:1234:3335::2
ro-buh-as48112.anchors.atlas.ripe.net,185.173.16.151,2a0b:2f00:0:234::151
ro-sbz-as39815.anchors.atlas.ripe.net,194.169.191.229,2001:b30:6c02:ffff:23:1:0:d34d
rs-beg-as13004.anchors.atlas.ripe.net,193.105.163.172,2001:7f8:1e:3::172
rs-ini-as13303.anchors.atlas.ripe.net,160.99.1.254,2001:4170:2801::254
ru-mot-as13238.anchors.atlas.ripe.net,213.180.200.185,2a02:6b8:0:602::2
ru-mow-as15835.anchors.atlas.ripe.net,193.232.226.58,2001:6d0:ffd8:411::2
ru-mow-as42473.anchors.atlas.ripe.net,37.252.254.142,2a00:11c0:1b:aa3::a
ru-mow-as47764.anchors.atlas.ripe.net,95.163.252.10,2a00:114f:1::1
se-got-as50168.anchors.atlas.ripe.net,185.47.192.253,2a02:4b07:0:8000::2
se-lud-as60396.anchors.atlas.ripe.net,91.209.0.21,2001:67c:2e74:1::21
se-mma-as39351.anchors.atlas.ripe.net,193.138.218.50,2a03:1b20:1:f303::2:1
se-sto-as197564.anchors.atlas.ripe.net,213.108.25.7,2001:67c:124c:e000::7
se-sto-as199150.anchors.atlas.ripe.net,193.180.242.86,2a01:280:108:4000::9
se-sto-as59521.anchors.atlas.ripe.net,185.50.36.250,2a01:5540::2
se-sto-as8674.anchors.atlas.ripe.net,185.42.136.158,2a01:3f0:0:60::5
sg-sin-as133165.anchors.atlas.ripe.net,103.253.144.218,2400:6180:0:10::2
sg-sin-as14907.anchors.atlas.ripe.net,103.102.166.20,2001:df2:e500:201:103:102:166:20
sg-sin-as38001.anchors.atlas.ripe.net,203.174.85.106,2406:f400:8:19::2
sg-sin-as59253.anchors.atlas.ripe.net,103.254.152.219,2001:df1:800:a003:3::300
si-lju-as2107.anchors.atlas.ripe.net,193.2.63.12,2001:1470:8000:603::12
si-lzp-as198644.anchors.atlas.ripe.net,91.239.97.134,2001:67c:27e4:7::42
sk-bts-as201702.anchors.atlas.ripe.net,185.66.200.72,2a05:980::5
sk-bts-as29405.anchors.atlas.ripe.net,46.229.232.100,2a01:390:dc4::acdc
tr-ist-as199159.anchors.atlas.ripe.net,217.146.6.118,2a05:8900:28:aa3::a
tr-ist-as202365.anchors.atlas.ripe.net,185.122.39.57,2a06:7243:0:1:71be:21f0:a565:29bb
tt-ptw-as264811.anchors.atlas.ripe.net,131.72.76.118,2803:cd80:2000:2::1
tz-dar-as327844.anchors.atlas.ripe.net,196.49.5.98,2001:43f8:1:404::a793
ua-iev-as24725.anchors.atlas.ripe.net,109.70.107.25,2001:4130:107::25
ua-iev-as29632.anchors.atlas.ripe.net,62.205.155.50,2a01:d0:0:36::2
ua-nlv-as41018.anchors.atlas.ripe.net,185.126.112.18,2001:67c:25dc:2::128:18
uk-blt-as25376.anchors.atlas.ripe.net,82.148.224.5,2a00:1b98:1::5
uk-clt-as48961.anchors.atlas.ripe.net,195.182.4.235,2a00:13d0:379:1001::1001
uk-did-as786.anchors.atlas.ripe.net,212.219.210.141,2001:630:50:e000::13
uk-edi-as786.anchors.atlas.ripe.net,129.215.160.160,2001:630:3c1:160::160
uk-lba-as33920.anchors.atlas.ripe.net,141.170.19.12,2a00:1a80:1:c::4
uk-lcy-as20965.anchors.atlas.ripe.net,62.40.109.30,2001:798:ff23:28::2
uk-lon-as5459.anchors.atlas.ripe.net,195.66.241.220,2a01:40:1002::4
uk-lon-as5607.anchors.atlas.ripe.net,90.223.193.1,2a02:c7a:6::1
uk-lon-as60157.anchors.atlas.ripe.net,185.54.168.245,2a02:4560:3::245
uk-lon-as6908.anchors.atlas.ripe.net,217.10.140.74,2a02:298:4a::6:a
uk-lon-as8676.anchors.atlas.ripe.net,217.65.161.42,2001:1420:d::2
uk-mnc-as41000.anchors.atlas.ripe.net,176.74.17.75,2a00:b980:2:4::13d4:d9d9
uk-slo-as14061.anchors.atlas.ripe.net,209.97.131.7,2a03:b0c0:1:e0::2c5:7001
uk-slo-as202109.anchors.atlas.ripe.net,5.101.111.218,2a03:b0c0:1:10::2
uk-slo-as202196.anchors.atlas.ripe.net,37.10.44.14,2a01:5041:c::1
uk-slo-as43996.anchors.atlas.ripe.net,5.57.16.65,2a01:5040:0:30::1
uk-slo-as5607.anchors.atlas.ripe.net,90.223.193.3,2a02:c7a:6:1::1
us-abn-as15133.anchors.atlas.ripe.net,68.232.36.46,2606:2800:4208:c::a
us-abn-as43996.anchors.atlas.ripe.net,185.28.222.65,2a01:5040:2000:30::e
us-atl-as15133.anchors.atlas.ripe.net,72.21.93.35,2606:2800:4220:c::a
us-atl-as2914.anchors.atlas.ripe.net,129.250.50.42,2001:418:0:3007::2
us-bcb-as1312.anchors.atlas.ripe.net,128.173.192.58,2001:468:c80:a202:0:b04f:0:c03a
us-bos-as111.anchors.atlas.ripe.net,204.8.154.50,2610:58:aaaa:aaaa:204:8:154:50
us-cax-as14907.anchors.atlas.ripe.net,208.80.152.244,2620:0:860:201:208:80:152:244
us-chi-as15133.anchors.atlas.ripe.net,68.232.38.39,2606:2800:4210:c::a
us-chi-as2914.anchors.atlas.ripe.net,204.42.254.42,2001:418:3f4:0:204:42:254:42
us-cyl-as10745.anchors.atlas.ripe.net,192.136.136.221,2001:500:110::221
us-dac-as15133.anchors.atlas.ripe.net,68.232.39.54,2606:2800:410f:c::a
us-dal-as2914.anchors.atlas.ripe.net,129.250.50.30,2001:418:0:3004::2
us-dal-as7366.anchors.atlas.ripe.net,199.7.183.254,2620:17:4000:2::2
us-den-as7922.anchors.atlas.ripe.net,76.26.120.98,2001:558:6010:2::2
us-dur-as36236.anchors.atlas.ripe.net,104.225.3.74,2607:fc50:4000:11::2
us-els-as40528.anchors.atlas.ripe.net,192.0.33.157,2620:0:2d0:203::157
us-evi-as19255.anchors.atlas.ripe.net,163.237.247.18,2001:4978:1000::2319:18
us-fcn-as32934.anchors.atlas.ripe.net,199.201.65.212,2620:10d:c091:120::9
us-ind-as17054.anchors.atlas.ripe.net,216.37.47.154,2607:f4d0:800:4::2
us-ktd-as33362.anchors.atlas.ripe.net,69.89.207.87,2600:2600::87
us-lan-as32244.anchors.atlas.ripe.net,209.59.185.7,2607:fad0:3610:2:0:1:0:1
us-lwc-as2495.anchors.atlas.ripe.net,164.113.94.217,2001:49d0:14c0:1::2
us-lxa-as8560.anchors.atlas.ripe.net,74.208.134.54,2607:f1c0:0:2::6a
us-mia-as15133.anchors.atlas.ripe.net,152.195.88.35,2606:2800:4267:c::a
us-mia-as2914.anchors.atlas.ripe.net,129.250.50.34,2001:418:0:3005::2
us-mia-as33280.anchors.atlas.ripe.net,65.22.12.230,2a01:8840:c:500::230
us-mkc-as32097.anchors.atlas.ripe.net,69.30.249.206,2001:4858:aaaa:3c:ffff::2
us-mnz-as30633.anchors.atlas.ripe.net,108.59.15.3,2604:9a00:2100:1:3::300
us-nyc-as15133.anchors.atlas.ripe.net,68.232.37.34,2606:2800:424f:c::a
us-pdx-as16509.anchors.atlas.ripe.net,52.25.230.98,2600:1f14:151:8700::1650:9
us-phx-as36236.anchors.atlas.ripe.net,104.225.102.122,2607:f740:15:22::2
us-phx-as53824.anchors.atlas.ripe.net,50.28.98.185,2607:fad0:4100:3:0:1:0:1
us-pil-as20473.anchors.atlas.ripe.net,207.246.88.250,2001:19f0:5:eb7:5400:1ff:fec6:ca71
us-pit-as17054.anchors.atlas.ripe.net,208.40.192.202,2607:f4d0:500:7::2
us-qas-as14907.anchors.atlas.ripe.net,208.80.155.69,2620:0:861:202:208:80:155:69
us-qas-as16509.anchors.atlas.ripe.net,34.202.174.53,2600:1f18:5fd:b204::1650:9
us-qas-as32425.anchors.atlas.ripe.net,208.73.138.12,2620:a8:c000:19::12
us-qas-as393246.anchors.atlas.ripe.net,199.115.158.230,2001:500:a6:500::230
us-rtv-as16876.anchors.atlas.ripe.net,192.0.46.157,2620:0:2830:203::157
us-sea-as15133.anchors.atlas.ripe.net,152.195.92.35,2606:2800:4026:c::a
us-sea-as20473.anchors.atlas.ripe.net,45.77.211.82,2001:19f0:8001:946:5400:1ff:fec7:2166
us-sea-as2914.anchors.atlas.ripe.net,129.250.50.37,2001:418:0:3006::2
us-sea-as55002.anchors.atlas.ripe.net,107.162.223.5,2604:e180:de08::5
us-sfj-as36444.anchors.atlas.ripe.net,208.86.250.253,2607:f7c0:0:400:c0f0:bfe6:0:2
us-sfo-as14061.anchors.atlas.ripe.net,198.199.99.218,2604:a880:1:10::2
us-sfo-as14907.anchors.atlas.ripe.net,198.35.26.244,2620:0:863:201:198:35:26:244
us-sfo-as7203.anchors.atlas.ripe.net,209.58.135.163,2605:fe80:2100:0:3::300
us-sgu-as46309.anchors.atlas.ripe.net,74.118.183.198,2605:bc00:0:114::10
us-sjc-as15133.anchors.atlas.ripe.net,46.22.79.34,2606:2800:4010:c::a
us-sjc-as55002.anchors.atlas.ripe.net,107.162.217.5,2604:e180:de02::5
us-tuk-as13331.anchors.atlas.ripe.net,204.15.11.34,2620:11c:5001:1118::2:1
us-txt-as20473.anchors.atlas.ripe.net,207.148.2.169,2001:19f0:6401:1e7d:5400:1ff:fec7:243f
us-txt-as36236.anchors.atlas.ripe.net,104.225.15.170,2607:f740:100:102::2
us-wct-as7922.anchors.atlas.ripe.net,76.26.115.194,2001:558:6000:4::2
uy-mvd-as28000.anchors.atlas.ripe.net,200.7.84.24,2001:13c7:7001:4000::24
za-cpt-as37663.anchors.atlas.ripe.net,196.10.54.135,2001:43f8:1f4:a00::135
za-jnb-as37474.anchors.atlas.ripe.net,196.10.53.7,2001:43f8:1f3:a00::7
za-umr-as37668.anchors.atlas.ripe.net,196.10.55.135,2001:43f8:1f5:a00::135
